[
  {
    "id": "9eae903e-7f0d-4281-83c2-83786939d5ae",
    "data": [
      {
        "text": "What is Data Augmentation",
        "userDefined": false
      }
    ],
    "isTemplate": false,
    "count": 0,
    "updated": 1524957084
  },
  {
    "id": "ca8c6201-4e20-4942-8e2c-8173bcb25a9c",
    "data": [
      {
        "text": "Can you explain how do we augment data in this project",
        "userDefined": false
      }
    ],
    "isTemplate": false,
    "count": 0,
    "updated": 1524957972
  },
  {
    "id": "c203ad8d-91b6-4e8f-9aee-b859b874a8dc",
    "data": [
      {
        "text": "What different techniques of augmentation have we used here",
        "userDefined": false
      }
    ],
    "isTemplate": false,
    "count": 0,
    "updated": 1524957084
  }
]