[
  {
    "id": "8ac3b73a-5f65-4e0b-bf16-4f0ae7fe7bf1",
    "data": [
      {
        "text": "what model have we used for feature extraction here",
        "userDefined": false
      }
    ],
    "isTemplate": false,
    "count": 0,
    "updated": 1525129663
  },
  {
    "id": "4f1d207d-341d-460b-ad02-65e49ef557e2",
    "data": [
      {
        "text": "can you explain feature extraction",
        "userDefined": false
      }
    ],
    "isTemplate": false,
    "count": 0,
    "updated": 1525129663
  },
  {
    "id": "c3b0dae9-204c-4b65-b7a3-3c85c5bad345",
    "data": [
      {
        "text": "what are the different features that we have extracted",
        "userDefined": false
      }
    ],
    "isTemplate": false,
    "count": 0,
    "updated": 1525129663
  }
]