[
  {
    "id": "a2ad40b6-a7d1-4d48-aeab-f41fb81aa5a4",
    "data": [
      {
        "text": "tell me about your project",
        "userDefined": false
      }
    ],
    "isTemplate": false,
    "count": 0,
    "updated": 1525130012
  },
  {
    "id": "47ff1c0f-e655-4162-a84a-5023bf6463f0",
    "data": [
      {
        "text": "what is the highlight of this project",
        "userDefined": false
      }
    ],
    "isTemplate": false,
    "count": 0,
    "updated": 1524954897
  },
  {
    "id": "519f52fa-f2c8-40e3-a2bd-d2ecc5d1cfc0",
    "data": [
      {
        "text": "what is this about",
        "userDefined": false
      }
    ],
    "isTemplate": false,
    "count": 0,
    "updated": 1524954897
  },
  {
    "id": "df56e7dc-17d5-4136-9caa-857758382b9b",
    "data": [
      {
        "text": "What is this project about",
        "userDefined": false
      }
    ],
    "isTemplate": false,
    "count": 0,
    "updated": 1524954897
  },
  {
    "id": "e6728499-d4d5-4fb8-ac44-b6cf9aee13d6",
    "data": [
      {
        "text": "can you explain a little more about this project",
        "userDefined": false
      }
    ],
    "isTemplate": false,
    "count": 0,
    "updated": 1524954897
  }
]