[
  {
    "id": "840a51d9-db06-45fb-9148-afe3f54bce82",
    "data": [
      {
        "text": "What is speaker ID extraction?",
        "userDefined": false
      }
    ],
    "isTemplate": false,
    "count": 0,
    "updated": 1524957319
  },
  {
    "id": "eb04acbc-7b39-4a0a-a846-f06d57b147d7",
    "data": [
      {
        "text": "can you explain more about speaker id extraction",
        "userDefined": false
      }
    ],
    "isTemplate": false,
    "count": 0,
    "updated": 1524957319
  },
  {
    "id": "2878d145-244e-407f-b0da-2d270fe92396",
    "data": [
      {
        "text": "how are we getting information about speaker id in this project",
        "userDefined": false
      }
    ],
    "isTemplate": false,
    "count": 0,
    "updated": 1524957319
  }
]